{
	"info": {
		"_postman_id": "76b90801-d22a-4636-9366-ad68cc335b9d",
		"name": "MEAN API Directorio MongoDB",
		"schema": "https://schema.getpostman.com/json/collection/v2.1.0/collection.json",
		"_exporter_id": "1266003",
		"_collection_link": "https://fararoni.postman.co/workspace/Spring-learn~b7bcca59-3bec-44c5-a184-2c1200a8d87b/collection/1266003-76b90801-d22a-4636-9366-ad68cc335b9d?action=share&source=collection_link&creator=1266003"
	},
	"item": [
		{
			"name": "/api/directorio",
			"request": {
				"method": "GET",
				"header": [],
				"url": {
					"raw": "http://localhost:3000/api/directorio",
					"protocol": "http",
					"host": [
						"localhost"
					],
					"port": "3000",
					"path": [
						"api",
						"directorio"
					]
				}
			},
			"response": []
		},
		{
			"name": "api/directorio/:id",
			"request": {
				"method": "GET",
				"header": [],
				"url": {
					"raw": "http://localhost:3000/api/directorio/1",
					"protocol": "http",
					"host": [
						"localhost"
					],
					"port": "3000",
					"path": [
						"api",
						"directorio",
						"1"
					]
				}
			},
			"response": []
		},
		{
			"name": "/api/directorio",
			"request": {
				"method": "POST",
				"header": [],
				"body": {
					"mode": "raw",
					"raw": "{\r\n        \"area\": \"PRESIDENCIAYZ DE LA MESA DIRECTIVA\",\r\n        \"cargo\": \"PRESIDENTA PARTIDO\",\r\n        \"extension\": \"82720\",\r\n        \"titulo\": \"DIPS.\",\r\n        \"nombrecompleto\": \"GUERSSRA CASTILLO MARCELA  \",\r\n        \"Nombre\": \"GUERRA CASTILLO MARCELA\",\r\n        \"APaterno\": null,\r\n        \"Amaterno\": null,\r\n        \"correo\": \"marcela.guerra@diputados.gob.mx\",\r\n        \"edificio\": \"A\",\r\n        \"piso\": \"PISO 2\",\r\n        \"fotografia\": null,\r\n        \"OrdenPuesto\": 1,\r\n        \"OidSeccion\": \"466af8b0-fbe9-4302-8893-1317b3e957ed\",\r\n        \"__typename\": \"DirectorioFull\"\r\n}\r\n",
					"options": {
						"raw": {
							"language": "json"
						}
					}
				},
				"url": {
					"raw": "http://localhost:3000/api/directorio",
					"protocol": "http",
					"host": [
						"localhost"
					],
					"port": "3000",
					"path": [
						"api",
						"directorio"
					],
					"query": [
						{
							"key": "Area",
							"value": "Comunicación Social",
							"disabled": true
						}
					]
				}
			},
			"response": []
		},
		{
			"name": "/api/directorio",
			"request": {
				"method": "PUT",
				"header": [],
				"body": {
					"mode": "raw",
					"raw": "{\r\n        \"_id\": \"652272f248270b8bbe3a9b0d\",\r\n        \"area\": \"xxxxx DE LA MESA DIRECTIVA\",\r\n        \"cargo\": \"PRESIDENTA PARTIDO\",\r\n        \"extension\": 82720,\r\n        \"titulo\": \"DIPS.\",\r\n        \"nombrecompleto\": \"GUERSSRA CASTILLO MARCELA  \",\r\n        \"correo\": \"marcela.guerra@diputados.gob.mx\",\r\n        \"edificio\": \"A\",\r\n        \"piso\": \"PISO 2\",\r\n        \"fotografia\": null,\r\n        \"__v\": 0\r\n    }",
					"options": {
						"raw": {
							"language": "json"
						}
					}
				},
				"url": {
					"raw": "http://localhost:3000/api/directorio",
					"protocol": "http",
					"host": [
						"localhost"
					],
					"port": "3000",
					"path": [
						"api",
						"directorio"
					]
				}
			},
			"response": []
		},
		{
			"name": "api/directorio",
			"request": {
				"method": "DELETE",
				"header": [],
				"url": {
					"raw": "http://localhost:3000/api/directorio",
					"protocol": "http",
					"host": [
						"localhost"
					],
					"port": "3000",
					"path": [
						"api",
						"directorio"
					]
				}
			},
			"response": []
		}
	]
}